{"cameraMode":{"drawMode":0,"name":"Shaded","section":"Shading Mode"},"sceneLighting":true,"audioPlay":false,"sceneViewState":{"showFog":true,"showMaterialUpdate":true,"showSkybox":true,"showFlares":true,"showImageEffects":true,"showParticleSystems":true},"in2DMode":false,"pivot":{"x":4.080570220947266,"y":-0.9852690696716309,"z":-0.5703697204589844},"rotation":{"x":0.21510635316371919,"y":0.4780801236629486,"z":-0.12202480435371399,"w":0.8427866101264954},"size":14.835321426391602,"orthographic":false}