{"cameraMode":{"drawMode":0,"name":"Shaded","section":"Shading Mode"},"sceneLighting":true,"audioPlay":false,"sceneViewState":{"showFog":true,"showMaterialUpdate":true,"showSkybox":true,"showFlares":true,"showImageEffects":true,"showParticleSystems":true},"in2DMode":false,"pivot":{"x":4.765291213989258,"y":-3.7829666137695314,"z":-1.96136474609375},"rotation":{"x":0.33590346574783327,"y":0.2990124821662903,"z":-0.11337248980998993,"w":0.8859558701515198},"size":18.487510681152345,"orthographic":false}